level,StrengthSkill_xp_to_reach(player_level_up_curve/proficiency_level_to_xp_new),ReflexesSkill_xp_to_reach(player_level_up_curve/proficiency_level_to_xp_new),TechnicalAbilitySkill_xp_to_reach(player_level_up_curve/proficiency_level_to_xp_new),IntelligenceSkill_xp_to_reach(player_level_up_curve/proficiency_level_to_xp_new),CoolSkill_xp_to_reach(player_level_up_curve/proficiency_level_to_xp_new),damage_to_skill_xp(power_level),player_level_to_xp_mult,dmg_xp_mult_trash,dmg_xp_mult_weak,dmg_xp_mult_normal,dmg_xp_mult_rare,dmg_xp_mult_officer,dmg_xp_mult_elite,dmg_xp_mult_boss
1,0,0,0,0,0,1,0.47999998927116,0.25,0.60000002384186,1,1.5,1.5,2,10
2,500,500,500,500,500,1.0070140361786,0.47999998927116,0.25,0.60000002384186,1,1.5,1.5,2,10
3,530,530,530,530,530,1.0140280723572,0.47999998927116,0.25,0.60000002384186,1,1.5,1.5,2,10
4,562,562,562,562,562,1.0210421085358,0.47999998927116,0.25,0.60000002384186,1,1.5,1.5,2,10
5,596,596,596,596,596,1.0280561447144,0.47999998927116,0.25,0.60000002384186,1,1.5,1.5,2,10
6,631,631,631,631,631,1.0350701808929,0.47999998927116,0.25,0.60000002384186,1,1.5,1.5,2,10
7,669,669,669,669,669,1.0420842170715,0.47999998927116,0.25,0.60000002384186,1,1.5,1.5,2,10
8,709,709,709,709,709,1.0490981340408,0.47999998927116,0.25,0.60000002384186,1,1.5,1.5,2,10
9,752,752,752,752,752,1.0561122894287,0.47999998927116,0.25,0.60000002384186,1,1.5,1.5,2,10
10,797,797,797,797,797,1.063126206398,0.47999998927116,0.25,0.60000002384186,1,1.5,1.5,2,10
11,845,845,845,845,845,1.0701402425766,0.47999998927116,0.25,0.60000002384186,1,1.5,1.5,2,10
12,895,895,895,895,895,1.0771543979645,0.47999998927116,0.25,0.60000002384186,1,1.5,1.5,2,10
13,949,949,949,949,949,1.0841683149338,0.47999998927116,0.25,0.60000002384186,1,1.5,1.5,2,10
14,1006,1006,1006,1006,1006,1.0911823511124,0.47999998927116,0.25,0.60000002384186,1,1.5,1.5,2,10
15,1066,1066,1066,1066,1066,1.098196387291,0.47999998927116,0.25,0.60000002384186,1,1.5,1.5,2,10
16,1130,1130,1130,1130,1130,1.1052104234695,0.48999997973442,0.25,0.60000002384186,1,1.5,1.5,2,10
17,1198,1198,1198,1198,1198,1.1122244596481,0.5,0.25,0.60000002384186,1,1.5,1.5,2,10
18,1270,1270,1270,1270,1270,1.1192384958267,0.50999999046326,0.25,0.60000002384186,1,1.5,1.5,2,10
19,1346,1346,1346,1346,1346,1.1262525320053,0.51999998092651,0.25,0.60000002384186,1,1.5,1.5,2,10
20,1427,1427,1427,1427,1427,1.1332665681839,0.52999997138977,0.25,0.60000002384186,1,1.5,1.5,2,10
21,1520,1520,1520,1520,1520,1.1402804851532,0.53999996185303,0.25,0.60000002384186,1,1.5,1.5,2,10
22,1619,1619,1619,1619,1619,1.1472946405411,0.55000001192093,0.25,0.60000002384186,1,1.5,1.5,2,10
23,1724,1724,1724,1724,1724,1.1543085575104,0.56000000238419,0.25,0.60000002384186,1,1.5,1.5,2,10
24,1836,1836,1836,1836,1836,1.161322593689,0.56999999284744,0.25,0.60000002384186,1,1.5,1.5,2,10
25,1955,1955,1955,1955,1955,1.1683366298676,0.5799999833107,0.25,0.60000002384186,1,1.5,1.5,2,10
26,2082,2082,2082,2082,2082,1.1753506660461,0.60000002384186,0.25,0.60000002384186,1,1.5,1.5,2,10
27,2218,2218,2218,2218,2218,1.1823647022247,0.62000000476837,0.25,0.60000002384186,1,1.5,1.5,2,10
28,2362,2362,2362,2362,2362,1.1893787384033,0.63999998569489,0.25,0.60000002384186,1,1.5,1.5,2,10
29,2515,2515,2515,2515,2515,1.1963927745819,0.6599999666214,0.25,0.60000002384186,1,1.5,1.5,2,10
30,2679,2679,2679,2679,2679,1.2034068107605,0.68000000715256,0.25,0.60000002384186,1,1.5,1.5,2,10
31,2853,2853,2853,2853,2853,1.2104208469391,0.70999997854233,0.25,0.60000002384186,1,1.5,1.5,2,10
32,3039,3039,3039,3039,3039,1.2174348831177,0.74000000953674,0.25,0.60000002384186,1,1.5,1.5,2,10
33,3236,3236,3236,3236,3236,1.2244489192963,0.76999998092651,0.25,0.60000002384186,1,1.5,1.5,2,10
34,3446,3446,3446,3446,3446,1.2314629554749,0.80000001192093,0.25,0.60000002384186,1,1.5,1.5,2,10
35,3670,3670,3670,3670,3670,1.2384769916534,0.8299999833107,0.25,0.60000002384186,1,1.5,1.5,2,10
36,3909,3909,3909,3909,3909,1.245491027832,0.86000001430511,0.25,0.60000002384186,1,1.5,1.5,2,10
37,4163,4163,4163,4163,4163,1.2525050640106,0.89000004529953,0.25,0.60000002384186,1,1.5,1.5,2,10
38,4434,4434,4434,4434,4434,1.2595191001892,0.92000007629395,0.25,0.60000002384186,1,1.5,1.5,2,10
39,4722,4722,4722,4722,4722,1.2665330171585,0.94999998807907,0.25,0.60000002384186,1,1.5,1.5,2,10
40,5029,5029,5029,5029,5029,1.2735471725464,0.98000001907349,0.25,0.60000002384186,1,1.5,1.5,2,10
41,5381,5381,5381,5381,5381,1.2805610895157,1.0099999904633,0.25,0.60000002384186,1,1.5,1.5,2,10
42,5758,5758,5758,5758,5758,1.2875751256943,1.039999961853,0.25,0.60000002384186,1,1.5,1.5,2,10
43,6161,6161,6161,6161,6161,1.2945891618729,1.0699999332428,0.25,0.60000002384186,1,1.5,1.5,2,10
44,6592,6592,6592,6592,6592,1.3016031980515,1.1000000238419,0.25,0.60000002384186,1,1.5,1.5,2,10
45,7053,7053,7053,7053,7053,1.30861723423,1.1299999952316,0.25,0.60000002384186,1,1.5,1.5,2,10
46,7547,7547,7547,7547,7547,1.3156312704086,1.1599999666214,0.25,0.60000002384186,1,1.5,1.5,2,10
47,8075,8075,8075,8075,8075,1.3226453065872,1.1900000572205,0.25,0.60000002384186,1,1.5,1.5,2,10
48,8640,8640,8640,8640,8640,1.3296593427658,1.2199999094009,0.25,0.60000002384186,1,1.5,1.5,2,10
49,9245,9245,9245,9245,9245,1.3366733789444,1.25,0.25,0.60000002384186,1,1.5,1.5,2,10
50,9892,9892,9892,9892,9892,1.343687415123,1.7999999523163,0.25,0.60000002384186,1,1.5,1.5,2,10
51,10684,10684,10684,10684,10684,1.3507013320923,1.7999999523163,0.25,0.60000002384186,1,1.5,1.5,2,10
52,11539,11539,11539,11539,11539,1.3577153682709,1.7999999523163,0.25,0.60000002384186,1,1.5,1.5,2,10
53,12462,12462,12462,12462,12462,1.3647294044495,1.7999999523163,0.25,0.60000002384186,1,1.5,1.5,2,10
54,13459,13459,13459,13459,13459,1.3717434406281,1.7999999523163,0.25,0.60000002384186,1,1.5,1.5,2,10
55,14535,14535,14535,14535,14535,1.3787574768066,1.7999999523163,0.25,0.60000002384186,1,1.5,1.5,2,10
56,15698,15698,15698,15698,15698,1.3857715129852,1.7999999523163,0.25,0.60000002384186,1,1.5,1.5,2,10
57,16954,16954,16954,16954,16954,1.3927855491638,1.7999999523163,0.25,0.60000002384186,1,1.5,1.5,2,10
58,18310,18310,18310,18310,18310,1.3997995853424,1.7999999523163,0.25,0.60000002384186,1,1.5,1.5,2,10
59,19775,19775,19775,19775,19775,1.406813621521,1.7999999523163,0.25,0.60000002384186,1,1.5,1.5,2,10
60,21357,21357,21357,21357,21357,1.4138276576996,1.7999999523163,0.25,0.60000002384186,1,1.5,1.5,2,10
