record_id,display_name,linked_skill,family,role,vanilla_levels,level_packages,direct_script_checks,effect_audit
NewPerks.Body_Central_Milestone_1,Painkiller,Solo,Adrenaline,milestone_support,1,NewPerks.Body_Central_Milestone_1_inline1,0,pending
NewPerks.Body_Central_Milestone_3,Adrenaline Rush,Solo,Adrenaline,anchor_candidate,3,NewPerks.Body_Central_Milestone_3_inline2;NewPerks.Body_Central_Milestone_3_inline6;NewPerks.Body_Central_Milestone_3_inline10,0,pending
NewPerks.Body_Central_Perk_1_1,Speed Junkie,Solo,Adrenaline,side_perk_candidate,1,NewPerks.Body_Central_Perk_1_1_inline2,0,pending
NewPerks.Body_Central_Perk_1_2,Comeback Kid,Solo,Adrenaline,side_perk_candidate,1,NewPerks.Body_Central_Perk_1_2_inline2,0,pending
NewPerks.Body_Central_Perk_1_3,Army of One,Solo,Adrenaline,side_perk_candidate,1,NewPerks.Body_Central_Perk_1_3_inline2,0,pending
NewPerks.Body_Central_Perk_1_4,Dorph-head,Solo,Adrenaline,side_perk_candidate,1,NewPerks.Body_Central_Perk_1_4_inline2,0,pending
NewPerks.Body_Central_Perk_3_1,Calm Mind,Solo,Adrenaline,side_perk_candidate,1,NewPerks.Body_Central_Perk_3_1_inline2,0,pending
NewPerks.Body_Central_Perk_3_2,Juggernaut,Solo,Adrenaline,side_perk_candidate,1,NewPerks.Body_Central_Perk_3_2_inline2,0,pending
NewPerks.Body_Central_Perk_3_4,Unstoppable Force,Solo,Adrenaline,side_perk_candidate,1,NewPerks.Body_Central_Perk_3_4_inline1,0,pending
NewPerks.Body_Inbetween_Left_3,Bloodlust,Solo,Adrenaline,bridge_candidate,1,NewPerks.Body_Inbetween_Left_3_inline2,0,pending
NewPerks.Body_Inbetween_Right_3,Ripple Effect,Solo,Quake,bridge_candidate,1,NewPerks.Body_Inbetween_Right_3_inline2,0,pending
NewPerks.Body_Left_Milestone_2,Die! Die! Die!,Solo,Obliteration,milestone_support,2,NewPerks.Body_Left_Milestone_2_inline2;NewPerks.Body_Left_Milestone_2_inline8,0,pending
NewPerks.Body_Left_Milestone_3,Spontaneous Obliteration,Solo,Obliteration,anchor_candidate,3,NewPerks.Body_Left_Milestone_3_inline2;NewPerks.Body_Left_Milestone_3_inline8;NewPerks.Body_Left_Milestone_3_inline16,1,pending
NewPerks.Body_Left_Perk_2_1,Bullet Ballet,Solo,Obliteration,side_perk_candidate,1,NewPerks.Body_Left_Perk_2_1_inline2,0,pending
NewPerks.Body_Left_Perk_2_3,Don't Stop Me Now,Solo,Obliteration,side_perk_candidate,1,NewPerks.Body_Left_Perk_2_3_inline2,0,pending
NewPerks.Body_Left_Perk_2_4,Like a Feather,Solo,Obliteration,side_perk_candidate,1,NewPerks.Body_Left_Perk_2_4_inline2,0,pending
NewPerks.Body_Left_Perk_3_1,Rush of Blood,Solo,Obliteration,side_perk_candidate,1,NewPerks.Body_Left_Perk_3_1_inline2,0,pending
NewPerks.Body_Left_Perk_3_2,Skullcracker,Solo,Obliteration,side_perk_candidate,1,NewPerks.Body_Left_Perk_3_2_inline2,0,pending
NewPerks.Body_Left_Perk_3_3,Dread,Solo,Obliteration,side_perk_candidate,1,NewPerks.Body_Left_Perk_3_3_inline2,0,pending
NewPerks.Body_Left_Perk_3_4,Close-quarters Carnage,Solo,Obliteration,side_perk_candidate,1,NewPerks.Body_Left_Perk_3_4_inline2,0,pending
NewPerks.Body_Master_Perk_1,Rip and Tear,Solo,Obliteration,capstone_candidate,1,NewPerks.Body_Master_Perk_1_inline2,0,pending
NewPerks.Body_Master_Perk_2,Onslaught,Solo,Obliteration,capstone_candidate,1,NewPerks.Body_Master_Perk_2_inline2,0,pending
NewPerks.Body_Master_Perk_3,Pain to Gain,Solo,Adrenaline,capstone_candidate,1,NewPerks.Body_Master_Perk_3_inline2,0,pending
NewPerks.Body_Master_Perk_5,Finisher: Savage Sling,Solo,Quake,capstone_candidate,1,NewPerks.Body_Master_Perk_5_inline2,0,pending
NewPerks.Body_Right_Milestone_1,Fury Road,Solo,Vehicle,vehicle_side,1,NewPerks.Body_Right_Milestone_1_inline2,0,pending
NewPerks.Body_Right_Milestone_2,Wrecking Ball,Solo,Quake,milestone_support,2,NewPerks.Body_Right_Milestone_2_inline2;NewPerks.Body_Right_Milestone_2_inline12,0,pending
NewPerks.Body_Right_Milestone_3,Quake,Solo,Quake,anchor_candidate,3,NewPerks.Body_Right_Milestone_3_inline2;NewPerks.Body_Right_Milestone_3_inline13;NewPerks.Body_Right_Milestone_3_inline18,0,pending
NewPerks.Body_Right_Perk_2_1,Fly Swatter,Solo,Quake,side_perk_candidate,1,NewPerks.Body_Right_Perk_2_1_inline2,0,pending
NewPerks.Body_Right_Perk_2_2,Kinetic Absorption,Solo,Quake,side_perk_candidate,1,NewPerks.Body_Right_Perk_2_2_inline2,0,pending
NewPerks.Body_Right_Perk_2_3,Clapback,Solo,Quake,side_perk_candidate,1,NewPerks.Body_Right_Perk_2_3_inline2,0,pending
NewPerks.Body_Right_Perk_2_4,Breakthrough,Solo,Quake,side_perk_candidate,1,NewPerks.Body_Right_Perk_2_4_inline2,0,pending
NewPerks.Body_Right_Perk_3_1,Epicenter,Solo,Quake,side_perk_candidate,1,?,0,pending
NewPerks.Body_Right_Perk_3_2,Aftershock,Solo,Quake,side_perk_candidate,1,NewPerks.Body_Right_Perk_3_2_inline2,0,pending
NewPerks.Cool_Central_Milestone_1,Feline Footwork,Headhunter,Ninjutsu,milestone_support,1,NewPerks.Cool_Central_Milestone_1_inline2,0,pending
NewPerks.Cool_Central_Milestone_3,Ninjutsu,Headhunter,Ninjutsu,anchor_candidate,3,NewPerks.Cool_Central_Milestone_3_inline2;NewPerks.Cool_Central_Milestone_3_inline8;?,0,pending
NewPerks.Cool_Central_Perk_1_1,Unexposed,Headhunter,Ninjutsu,side_perk_candidate,1,NewPerks.Cool_Central_Perk_1_1_inline2,0,pending
NewPerks.Cool_Central_Perk_1_2,Small Target,Headhunter,Ninjutsu,side_perk_candidate,1,NewPerks.Cool_Central_Perk_1_2_inline2,0,pending
NewPerks.Cool_Central_Perk_1_4,Blind Spot,Headhunter,Ninjutsu,side_perk_candidate,1,NewPerks.Cool_Central_Perk_1_4_inline1,0,pending
NewPerks.Cool_Central_Perk_3_1,Serpentine,Headhunter,Ninjutsu,side_perk_candidate,1,NewPerks.Cool_Central_Perk_3_1_inline2,0,pending
NewPerks.Cool_Central_Perk_3_2,Creeping Death,Headhunter,Ninjutsu,side_perk_candidate,1,NewPerks.Cool_Central_Perk_3_2_inline2,0,pending
NewPerks.Cool_Central_Perk_3_4,Shinobi Sprint,Headhunter,Ninjutsu,side_perk_candidate,1,?,0,pending
NewPerks.Cool_Inbetween_Left_2,Deep Breath,Headhunter,Deadeye,bridge_candidate,1,?,0,pending
NewPerks.Cool_Inbetween_Left_3,Vanishing Act,Headhunter,Ninjutsu,bridge_candidate,1,NewPerks.Cool_Inbetween_Left_3_inline1,0,pending
NewPerks.Cool_Inbetween_Right_3,Pounce,Headhunter,Juggler,bridge_candidate,1,NewPerks.Cool_Inbetween_Right_3_inline1,0,pending
NewPerks.Cool_Left_Milestone_1,Road Warrior,Headhunter,Vehicle,vehicle_side,1,NewPerks.Cool_Left_Milestone_1_inline2,0,pending
NewPerks.Cool_Left_Milestone_2,Focus,Headhunter,Deadeye,milestone_support,2,NewPerks.Cool_Left_Milestone_2_inline3;?,0,pending
NewPerks.Cool_Left_Milestone_3,Deadeye,Headhunter,Deadeye,anchor_candidate,3,NewPerks.Cool_Left_Milestone_3_inline3;NewPerks.Cool_Left_Milestone_3_inline10;NewPerks.Cool_Left_Milestone_3_inline19,0,pending
NewPerks.Cool_Left_Perk_2_1,Head to Head,Headhunter,Deadeye,side_perk_candidate,1,NewPerks.Cool_Left_Perk_2_1_inline1,0,pending
NewPerks.Cool_Left_Perk_2_2,Rinse and Reload,Headhunter,Deadeye,side_perk_candidate,1,NewPerks.Cool_Left_Perk_2_2_inline2,0,pending
NewPerks.Cool_Left_Perk_2_3,Pull!,Headhunter,Deadeye,side_perk_candidate,1,NewPerks.Cool_Left_Perk_2_3_inline1,0,pending
NewPerks.Cool_Left_Perk_2_4,No Sweat,Headhunter,Deadeye,side_perk_candidate,1,NewPerks.Cool_Left_Perk_2_4_inline2,0,pending
NewPerks.Cool_Left_Perk_3_1,Quick Draw,Headhunter,Deadeye,side_perk_candidate,1,NewPerks.Cool_Left_Perk_3_1_inline2,0,pending
NewPerks.Cool_Left_Perk_3_2,High Noon,Headhunter,Deadeye,side_perk_candidate,1,NewPerks.Cool_Left_Perk_3_2_inline2,0,pending
NewPerks.Cool_Left_Perk_3_3,Long Shot,Headhunter,Deadeye,side_perk_candidate,1,NewPerks.Cool_Left_Perk_3_3_inline1,0,pending
NewPerks.Cool_Left_Perk_3_4,California Reaper,Headhunter,Deadeye,side_perk_candidate,1,NewPerks.Cool_Left_Perk_3_4_inline2,0,pending
NewPerks.Cool_Master_Perk_1,Nerves of Tungsten-Steel,Headhunter,Deadeye,capstone_candidate,1,NewPerks.Cool_Master_Perk_1_inline2,0,pending
NewPerks.Cool_Master_Perk_2,Run 'N' Gun,Headhunter,Deadeye,capstone_candidate,1,NewPerks.Cool_Master_Perk_2_inline2,0,pending
NewPerks.Cool_Master_Perk_4,Style Over Substance,Headhunter,Juggler,capstone_candidate,1,NewPerks.Cool_Master_Perk_4_inline1,0,pending
NewPerks.Cool_Right_Milestone_1,Killer Instinct,Headhunter,Juggler,milestone_support,1,NewPerks.Cool_Right_Milestone_1_inline2,0,pending
NewPerks.Cool_Right_Milestone_2,Scorpion Sting,Headhunter,Juggler,anchor_candidate,2,NewPerks.Cool_Right_Milestone_2_inline2;NewPerks.Cool_Right_Milestone_2_inline8,0,pending
NewPerks.Cool_Right_Milestone_3,Juggler,Headhunter,Juggler,milestone_support,3,NewPerks.Cool_Right_Milestone_3_inline2;NewPerks.Cool_Right_Milestone_3_inline8;NewPerks.Cool_Right_Milestone_3_inline14,0,pending
NewPerks.Cool_Right_Perk_1_1,Gag Order,Headhunter,Juggler,side_perk_candidate,1,NewPerks.Cool_Right_Perk_1_1_inline1,0,pending
NewPerks.Cool_Right_Perk_1_2,Quick Getaway,Headhunter,Juggler,side_perk_candidate,1,NewPerks.Cool_Right_Perk_1_2_inline2,0,pending
NewPerks.Cool_Right_Perk_2_1,Corrosion,Headhunter,Juggler,side_perk_candidate,1,?,0,pending
NewPerks.Cool_Right_Perk_2_2,Neurotoxin,Headhunter,Juggler,side_perk_candidate,1,NewPerks.Cool_Right_Perk_2_2_inline2,0,pending
NewPerks.Cool_Right_Perk_2_3,Accelerated Toxin Absorption,Headhunter,Juggler,side_perk_candidate,1,NewPerks.Cool_Right_Perk_2_3_inline1,0,pending
NewPerks.Cool_Right_Perk_2_4,Parasite,Headhunter,Juggler,side_perk_candidate,1,NewPerks.Cool_Right_Perk_2_4_inline2,0,pending
NewPerks.Cool_Right_Perk_3_1,Pay It Forward,Headhunter,Juggler,side_perk_candidate,1,?,0,pending
NewPerks.Cool_Right_Perk_3_2,Finisher: Act of Mercy,Headhunter,Juggler,side_perk_candidate,1,NewPerks.Cool_Right_Perk_3_2_inline2,0,pending
NewPerks.Cool_Right_Perk_3_3,!OBSOLETE,Headhunter,Juggler,obsolete_exclude,1,?,0,exclude
NewPerks.Cool_Right_Perk_3_4,Sleight of Hand,Headhunter,Juggler,side_perk_candidate,1,?,0,pending
NewPerks.Intelligence_Central_Milestone_1,Optimization,Netrunner,Overclock,milestone_support,1,NewPerks.Intelligence_Central_Milestone_1_inline2,0,pending
NewPerks.Intelligence_Central_Milestone_2,Embedded Exploit,Netrunner,Overclock,milestone_support,2,NewPerks.Intelligence_Central_Milestone_2_inline2;NewPerks.Intelligence_Central_Milestone_2_inline6,0,pending
NewPerks.Intelligence_Central_Milestone_3,Overclock,Netrunner,Overclock,anchor_candidate,3,NewPerks.Intelligence_Central_Milestone_3_inline2;NewPerks.Intelligence_Central_Milestone_3_inline6;NewPerks.Intelligence_Central_Milestone_3_inline10,1,pending
NewPerks.Intelligence_Central_Perk_1_1,Encryption,Netrunner,Overclock,side_perk_candidate,1,NewPerks.Intelligence_Central_Perk_1_1_inline2,0,pending
NewPerks.Intelligence_Central_Perk_1_2,Proximate Propagation,Netrunner,Overclock,side_perk_candidate,1,NewPerks.Intelligence_Central_Perk_1_2_inline2,1,pending
NewPerks.Intelligence_Central_Perk_1_3,Subordination,Netrunner,Overclock,side_perk_candidate,1,NewPerks.Intelligence_Central_Perk_1_3_inline2,2,pending
NewPerks.Intelligence_Central_Perk_2_1,Speculation,Netrunner,Overclock,side_perk_candidate,1,NewPerks.Intelligence_Central_Perk_2_1_inline2,0,pending
NewPerks.Intelligence_Central_Perk_2_2,ICEpick,Netrunner,Overclock,side_perk_candidate,1,?,1,pending
NewPerks.Intelligence_Central_Perk_2_3,System Overwhelm,Netrunner,Overclock,side_perk_candidate,1,NewPerks.Intelligence_Central_Perk_2_3_inline2,0,pending
NewPerks.Intelligence_Central_Perk_2_4,Shadowrunner,Netrunner,Overclock,side_perk_candidate,1,NewPerks.Intelligence_Central_Perk_2_4_inline2,0,pending
NewPerks.Intelligence_Central_Perk_3_1,Race Against Mind,Netrunner,Overclock,side_perk_candidate,1,NewPerks.Intelligence_Central_Perk_3_1_inline2,0,pending
NewPerks.Intelligence_Central_Perk_3_2,Sublimation,Netrunner,Overclock,side_perk_candidate,1,NewPerks.Intelligence_Central_Perk_3_2_inline1,0,pending
NewPerks.Intelligence_Central_Perk_3_3,Power Surge,Netrunner,Overclock,side_perk_candidate,1,NewPerks.Intelligence_Central_Perk_3_3_inline2,0,pending
NewPerks.Intelligence_Inbetween_Left_2,Siphon,Netrunner,Hack Queue,bridge_candidate,1,NewPerks.Intelligence_Inbetween_Left_2_inline2,0,pending
NewPerks.Intelligence_Inbetween_Left_3,Blood Daemon,Netrunner,Overclock,bridge_candidate,1,NewPerks.Intelligence_Inbetween_Left_3_inline2,1,pending
NewPerks.Intelligence_Inbetween_Right_2,Recirculation,Netrunner,Smart Lock,bridge_candidate,1,NewPerks.Intelligence_Inbetween_Right_2_inline2,0,pending
NewPerks.Intelligence_Left_Milestone_1,Eye in the Sky,Netrunner,Hack Queue,milestone_support,1,NewPerks.Intelligence_Left_Milestone_1_inline2,4,pending
NewPerks.Intelligence_Left_Milestone_2,Hack Queue,Netrunner,Hack Queue,anchor_candidate,2,NewPerks.Intelligence_Left_Milestone_2_inline2;NewPerks.Intelligence_Left_Milestone_2_inline6,2,pending
NewPerks.Intelligence_Left_Milestone_3,Queue Acceleration,Netrunner,Hack Queue,milestone_support,3,NewPerks.Intelligence_Left_Milestone_3_inline2;NewPerks.Intelligence_Left_Milestone_3_inline6;NewPerks.Intelligence_Left_Milestone_3_inline10,0,pending
NewPerks.Intelligence_Left_Perk_1_1,Warning: Explosion Hazard,Netrunner,Hack Queue,side_perk_candidate,1,NewPerks.Intelligence_Left_Perk_1_1_inline2,1,pending
NewPerks.Intelligence_Left_Perk_1_2,ForceKill Cypher,Netrunner,Hack Queue,side_perk_candidate,1,NewPerks.Intelligence_Left_Perk_1_2_inline2,0,pending
NewPerks.Intelligence_Left_Perk_2_1,Counter-a-hack,Netrunner,Hack Queue,side_perk_candidate,1,NewPerks.Intelligence_Left_Perk_2_1_inline2,1,pending
NewPerks.Intelligence_Left_Perk_2_2,Data Recycler,Netrunner,Hack Queue,side_perk_candidate,1,?,1,pending
NewPerks.Intelligence_Left_Perk_2_3,Copy-Paste,Netrunner,Hack Queue,side_perk_candidate,1,NewPerks.Intelligence_Left_Perk_2_3_inline1,1,pending
NewPerks.Intelligence_Left_Perk_2_4,Feedback Loop,Netrunner,Hack Queue,side_perk_candidate,1,NewPerks.Intelligence_Left_Perk_2_4_inline2,0,pending
NewPerks.Intelligence_Left_Perk_3_1,Queue Hack_Root,Netrunner,Hack Queue,internal_review,1,NewPerks.Intelligence_Left_Perk_3_1_inline2,1,pending
NewPerks.Intelligence_Left_Perk_3_2,Queue Prioritization,Netrunner,Hack Queue,side_perk_candidate,1,NewPerks.Intelligence_Left_Perk_3_2_inline2,0,pending
NewPerks.Intelligence_Left_Perk_3_4,Finisher: Live Wire,Netrunner,Hack Queue,side_perk_candidate,1,NewPerks.Intelligence_Left_Perk_3_4_inline1,0,pending
NewPerks.Intelligence_Master_Perk_1,Queue Mastery,Netrunner,Hack Queue,capstone_candidate,1,NewPerks.Intelligence_Master_Perk_1_inline2,2,pending
NewPerks.Intelligence_Master_Perk_3,Spillover,Netrunner,Overclock,capstone_candidate,1,NewPerks.Intelligence_Master_Perk_3_inline2,0,pending
NewPerks.Intelligence_Master_Perk_4,Smart Synergy,Netrunner,Smart Lock,capstone_candidate,1,NewPerks.Intelligence_Master_Perk_4_inline2,1,pending
NewPerks.Intelligence_Right_Milestone_1,Carhacker,Netrunner,Vehicle,vehicle_side,1,NewPerks.Intelligence_Right_Milestone_1_inline1,4,pending
NewPerks.Intelligence_Right_Milestone_2,Acquisition Specialist,Netrunner,Smart Lock,anchor_candidate,2,NewPerks.Intelligence_Right_Milestone_2_inline2;NewPerks.Intelligence_Right_Milestone_2_inline15,0,pending
NewPerks.Intelligence_Right_Milestone_3,Target Lock Transfer,Netrunner,Smart Lock,milestone_support,3,NewPerks.Intelligence_Right_Milestone_3_inline2;NewPerks.Intelligence_Right_Milestone_3_inline14;NewPerks.Intelligence_Right_Milestone_3_inline19,0,pending
NewPerks.Intelligence_Right_Perk_2_1,No Escape,Netrunner,Smart Lock,side_perk_candidate,1,NewPerks.Intelligence_Right_Perk_2_1_inline1,0,pending
NewPerks.Intelligence_Right_Perk_2_2,Precision Subroutines,Netrunner,Smart Lock,side_perk_candidate,1,NewPerks.Intelligence_Right_Perk_2_2_inline2,0,pending
NewPerks.Intelligence_Right_Perk_3_1,Targeting Prism,Netrunner,Smart Lock,side_perk_candidate,1,NewPerks.Intelligence_Right_Perk_3_1_inline2,0,pending
NewPerks.Intelligence_Right_Perk_3_2,Terminal Velocity,Netrunner,Smart Lock,side_perk_candidate,1,NewPerks.Intelligence_Right_Perk_3_2_inline2,0,pending
NewPerks.Reflexes_Central_Milestone_1,Slippery,Shinobi,Air Dash,milestone_support,1,NewPerks.Reflexes_Central_Milestone_1_inline1,0,pending
NewPerks.Reflexes_Central_Milestone_2,Dash,Shinobi,Air Dash,milestone_support,2,NewPerks.Reflexes_Central_Milestone_2_inline2;NewPerks.Reflexes_Central_Milestone_2_inline7,4,pending
NewPerks.Reflexes_Central_Milestone_3,Air Dash,Shinobi,Air Dash,anchor_candidate,3,NewPerks.Reflexes_Central_Milestone_3_inline2;NewPerks.Reflexes_Central_Milestone_3_inline8;NewPerks.Reflexes_Central_Milestone_3_inline13,1,pending
NewPerks.Reflexes_Central_Perk_1_1,Power Slide,Shinobi,Air Dash,side_perk_candidate,1,NewPerks.Reflexes_Central_Perk_1_1_inline1,0,pending
NewPerks.Reflexes_Central_Perk_1_2,Muscle Memory,Shinobi,Air Dash,side_perk_candidate,1,NewPerks.Reflexes_Central_Perk_1_2_inline1,0,pending
NewPerks.Reflexes_Central_Perk_1_3,Parkour!,Shinobi,Air Dash,side_perk_candidate,1,NewPerks.Reflexes_Central_Perk_1_3_inline1,0,pending
NewPerks.Reflexes_Central_Perk_1_4,Multitasker,Shinobi,Air Dash,side_perk_candidate,1,NewPerks.Reflexes_Central_Perk_1_4_inline1,0,pending
NewPerks.Reflexes_Central_Perk_2_1,Mad Dash,Shinobi,Air Dash,side_perk_candidate,1,NewPerks.Reflexes_Central_Perk_2_1_inline2,0,pending
NewPerks.Reflexes_Central_Perk_2_2,Can't Touch This,Shinobi,Air Dash,side_perk_candidate,1,NewPerks.Reflexes_Central_Perk_2_2_inline2,0,pending
NewPerks.Reflexes_Central_Perk_2_3,Mean Streak,Shinobi,Air Dash,side_perk_candidate,1,NewPerks.Reflexes_Central_Perk_2_3_inline2,0,pending
NewPerks.Reflexes_Central_Perk_2_4,Steady Grip,Shinobi,Air Dash,side_perk_candidate,1,NewPerks.Reflexes_Central_Perk_2_4_inline1,0,pending
NewPerks.Reflexes_Central_Perk_3_2,Aerial Acrobat,Shinobi,Air Dash,side_perk_candidate,1,NewPerks.Reflexes_Central_Perk_3_2_inline1,0,pending
NewPerks.Reflexes_Central_Perk_3_3,Aerodynamic,Shinobi,Air Dash,side_perk_candidate,1,NewPerks.Reflexes_Central_Perk_3_3_inline2,0,pending
NewPerks.Reflexes_Inbetween_Left_3,Air Kerenzikov,Shinobi,Sharpshooter,bridge_candidate,1,NewPerks.Reflexes_Inbetween_Left_3_inline1,0,pending
NewPerks.Reflexes_Inbetween_Right_2,Flash and Thunderclap,Shinobi,Blade Runner,bridge_candidate,1,NewPerks.Reflexes_Inbetween_Right_2_inline2,0,pending
NewPerks.Reflexes_Left_Milestone_1,Stuntjock,Shinobi,Vehicle,vehicle_side,1,NewPerks.Reflexes_Left_Milestone_1_inline2,0,pending
NewPerks.Reflexes_Left_Milestone_2,"Ready, Rested, Reloaded",Shinobi,Sharpshooter,milestone_support,2,NewPerks.Reflexes_Left_Milestone_2_inline2;NewPerks.Reflexes_Left_Milestone_2_inline9,0,pending
NewPerks.Reflexes_Left_Milestone_3,Sharpshooter,Shinobi,Sharpshooter,anchor_candidate,3,NewPerks.Reflexes_Left_Milestone_3_inline2;NewPerks.Reflexes_Left_Milestone_3_inline10;NewPerks.Reflexes_Left_Milestone_3_inline21,0,pending
NewPerks.Reflexes_Left_Perk_2_2,Spice of Life,Shinobi,Sharpshooter,side_perk_candidate,1,NewPerks.Reflexes_Left_Perk_2_2_inline2,0,pending
NewPerks.Reflexes_Left_Perk_2_3,Mind Over Matter,Shinobi,Sharpshooter,side_perk_candidate,1,NewPerks.Reflexes_Left_Perk_2_3_inline2,0,pending
NewPerks.Reflexes_Left_Perk_2_4,Tunnel Vision,Shinobi,Sharpshooter,side_perk_candidate,1,NewPerks.Reflexes_Left_Perk_2_4_inline2,0,pending
NewPerks.Reflexes_Left_Perk_3_1,Gundancer,Shinobi,Sharpshooter,side_perk_candidate,1,NewPerks.Reflexes_Left_Perk_3_1_inline1,0,pending
NewPerks.Reflexes_Left_Perk_3_2,Spray and Pray,Shinobi,Sharpshooter,side_perk_candidate,1,NewPerks.Reflexes_Left_Perk_3_2_inline2,0,pending
NewPerks.Reflexes_Left_Perk_3_3,Practice Makes Perfect,Shinobi,Sharpshooter,side_perk_candidate,1,NewPerks.Reflexes_Left_Perk_3_3_inline2,0,pending
NewPerks.Reflexes_Left_Perk_3_4,Shoot to Chill,Shinobi,Sharpshooter,side_perk_candidate,1,NewPerks.Reflexes_Left_Perk_3_4_inline2,0,pending
NewPerks.Reflexes_Master_Perk_1,Salt in the Wound,Shinobi,Sharpshooter,capstone_candidate,1,NewPerks.Reflexes_Master_Perk_1_inline2,0,pending
NewPerks.Reflexes_Master_Perk_2,Submachine Fun,Shinobi,Sharpshooter,capstone_candidate,1,NewPerks.Reflexes_Master_Perk_2_inline2,1,pending
NewPerks.Reflexes_Master_Perk_3,Tailwind,Shinobi,Air Dash,capstone_candidate,1,NewPerks.Reflexes_Master_Perk_3_inline2,0,pending
NewPerks.Reflexes_Master_Perk_5,Slaughterhouse,Shinobi,Blade Runner,capstone_candidate,1,NewPerks.Reflexes_Master_Perk_5_inline2,3,pending
NewPerks.Reflexes_Right_Milestone_2,Lead and Steel,Shinobi,Blade Runner,milestone_support,2,NewPerks.Reflexes_Right_Milestone_2_inline2;NewPerks.Reflexes_Right_Milestone_2_inline19,2,pending
NewPerks.Reflexes_Right_Milestone_3,Finisher: Bladerunner,Shinobi,Blade Runner,anchor_candidate,3,NewPerks.Reflexes_Right_Milestone_3_inline2;NewPerks.Reflexes_Right_Milestone_3_inline12;NewPerks.Reflexes_Right_Milestone_3_inline18,0,pending
NewPerks.Reflexes_Right_Perk_2_1,Bullet Deflect,Shinobi,Blade Runner,side_perk_candidate,1,NewPerks.Reflexes_Right_Perk_2_1_inline2,2,pending
NewPerks.Reflexes_Right_Perk_2_2,Seeing Double,Shinobi,Blade Runner,side_perk_candidate,1,NewPerks.Reflexes_Right_Perk_2_2_inline1,0,pending
NewPerks.Reflexes_Right_Perk_2_3,Bullet Time,Shinobi,Blade Runner,side_perk_candidate,1,NewPerks.Reflexes_Right_Perk_2_3_inline1,1,pending
NewPerks.Reflexes_Right_Perk_3_1,Flash of Steel,Shinobi,Blade Runner,side_perk_candidate,1,NewPerks.Reflexes_Right_Perk_3_1_inline2,0,pending
NewPerks.Reflexes_Right_Perk_3_3,Opportunist,Shinobi,Blade Runner,side_perk_candidate,1,NewPerks.Reflexes_Right_Perk_3_3_inline1,0,pending
NewPerks.Reflexes_Right_Perk_3_4,Going the Distance,Shinobi,Blade Runner,side_perk_candidate,1,NewPerks.Reflexes_Right_Perk_3_4_inline1,0,pending
NewPerks.Tech_Central_Milestone_2,All Things Cyber,Engineer,Chrome,milestone_support,2,NewPerks.Tech_Central_Milestone_2_inline2;NewPerks.Tech_Central_Milestone_2_inline8,0,pending
NewPerks.Tech_Central_Milestone_3,License to Chrome,Engineer,Chrome,anchor_candidate,3,NewPerks.Tech_Central_Milestone_3_inline2;NewPerks.Tech_Central_Milestone_3_inline8;?,3,pending
NewPerks.Tech_Central_Perk_2_1,Driver Update,Engineer,Chrome,side_perk_candidate,1,NewPerks.Tech_Central_Perk_2_1_inline1,0,pending
NewPerks.Tech_Central_Perk_2_2,Renaissance Punk,Engineer,Chrome,side_perk_candidate,1,NewPerks.Tech_Central_Perk_2_2_inline2,0,pending
NewPerks.Tech_Central_Perk_2_3,Lucky Day,Engineer,Chrome,side_perk_candidate,1,?,0,pending
NewPerks.Tech_Central_Perk_2_4,Chrome Constitution,Engineer,Chrome,side_perk_candidate,1,NewPerks.Tech_Central_Perk_2_4_inline2,0,pending
NewPerks.Tech_Central_Perk_3_1,Extended Warranty,Engineer,Chrome,side_perk_candidate,1,NewPerks.Tech_Central_Perk_3_1_inline2,0,pending
NewPerks.Tech_Central_Perk_3_2,Ambidextrous,Engineer,Chrome,side_perk_candidate,1,?,0,pending
NewPerks.Tech_Central_Perk_3_3,Built Different,Engineer,Chrome,side_perk_candidate,1,?,0,pending
NewPerks.Tech_Central_Perk_3_4,Cyborg,Engineer,Chrome,side_perk_candidate,1,NewPerks.Tech_Central_Perk_3_4_inline2,0,pending
NewPerks.Tech_Inbetween_Left_3,Doomlauncher,Engineer,Pyromania,bridge_candidate,1,NewPerks.Tech_Inbetween_Left_3_inline2,1,pending
NewPerks.Tech_Inbetween_Right_2,Chipware Connoisseur,Engineer,Chrome,bridge_candidate,1,?,0,pending
NewPerks.Tech_Left_Milestone_1,Glutton for War,Engineer,Pyromania,milestone_support,1,NewPerks.Tech_Left_Milestone_1_inline2,0,pending
NewPerks.Tech_Left_Milestone_2,Health Freak,Engineer,Pyromania,milestone_support,2,NewPerks.Tech_Left_Milestone_2_inline2;NewPerks.Tech_Left_Milestone_2_inline9,0,pending
NewPerks.Tech_Left_Milestone_3,Pyromania,Engineer,Pyromania,anchor_candidate,3,NewPerks.Tech_Left_Milestone_3_inline2;NewPerks.Tech_Left_Milestone_3_inline9;NewPerks.Tech_Left_Milestone_3_inline15,1,pending
NewPerks.Tech_Left_Perk_1_1,Transfusion,Engineer,Pyromania,side_perk_candidate,1,NewPerks.Tech_Left_Perk_1_1_inline2,0,pending
NewPerks.Tech_Left_Perk_1_2,First Aid,Engineer,Pyromania,side_perk_candidate,1,NewPerks.Tech_Left_Perk_1_2_inline2,0,pending
NewPerks.Tech_Left_Perk_2_1,Demolitions Surplus,Engineer,Pyromania,side_perk_candidate,1,NewPerks.Tech_Left_Perk_2_1_inline2,0,pending
NewPerks.Tech_Left_Perk_2_2,Borrowed Time,Engineer,Pyromania,side_perk_candidate,1,NewPerks.Tech_Left_Perk_2_2_inline2,0,pending
NewPerks.Tech_Left_Perk_2_3,Field Medic,Engineer,Pyromania,side_perk_candidate,1,?,1,pending
NewPerks.Tech_Left_Perk_2_4,Coming in Hot,Engineer,Pyromania,side_perk_candidate,1,NewPerks.Tech_Left_Perk_2_4_inline2,0,pending
NewPerks.Tech_Left_Perk_3_01,Friendlier Fire,Engineer,Pyromania,side_perk_candidate,1,NewPerks.Tech_Left_Perk_3_01_inline2,2,pending
NewPerks.Tech_Left_Perk_3_2,Burn This City,Engineer,Pyromania,side_perk_candidate,1,NewPerks.Tech_Left_Perk_3_2_inline2,0,pending
NewPerks.Tech_Left_Perk_3_3,Flash Sale,Engineer,Pyromania,side_perk_candidate,1,NewPerks.Tech_Left_Perk_3_3_inline2,0,pending
NewPerks.Tech_Left_Perk_3_4,Heat Shield,Engineer,Pyromania,side_perk_candidate,1,NewPerks.Tech_Left_Perk_3_4_inline2,0,pending
NewPerks.Tech_Master_Perk_2,Ticking Time Bomb,Engineer,Pyromania,capstone_candidate,1,NewPerks.Tech_Master_Perk_2_inline2,0,pending
NewPerks.Tech_Master_Perk_3,Edgerunner,Engineer,Chrome,capstone_candidate,1,NewPerks.Tech_Master_Perk_3_inline2,0,pending
NewPerks.Tech_Master_Perk_5,Chain Lightning,Engineer,Bolt,capstone_candidate,1,NewPerks.Tech_Master_Perk_5_inline2,0,pending
NewPerks.Tech_Right_Milestone_1,Gearhead,Engineer,Vehicle,vehicle_side,1,NewPerks.Tech_Right_Milestone_1_inline2,0,pending
NewPerks.Tech_Right_Milestone_3,Bolt,Engineer,Bolt,anchor_candidate,3,NewPerks.Tech_Right_Milestone_3_inline2;NewPerks.Tech_Right_Milestone_3_inline8;NewPerks.Tech_Right_Milestone_3_inline14,1,pending
NewPerks.Tech_Right_Perk_3_1,In Charge,Engineer,Bolt,side_perk_candidate,1,NewPerks.Tech_Right_Perk_3_1_inline1,0,pending
NewPerks.Tech_Right_Perk_3_2,Internal Clock,Engineer,Bolt,side_perk_candidate,1,NewPerks.Tech_Right_Perk_3_2_inline1,0,pending
NewPerks.Tech_Right_Perk_3_3,Shock Value,Engineer,Bolt,side_perk_candidate,1,NewPerks.Tech_Right_Perk_3_3_inline1,0,pending
NewPerks.Tech_Right_Perk_3_4,Lightning Storm,Engineer,Bolt,side_perk_candidate,1,NewPerks.Tech_Right_Perk_3_4_inline2,0,pending
